arch,init,train_cond,eval_cond,attacker_type,eval_split,best_epoch,best_val_auc,macro_auc,bal_acc,top1_acc,male_macro_auc,female_macro_auc,male_n,female_n,male_bal_acc,female_bal_acc,auc_NoFind,auc_Infilt,auc_Atelec,auc_Effus,auc_Nodule,auc_PneuTx,auc_Mass,auc_Consol,auc_PlThck,auc_CardMeg,auc_Emphy,male_auc_NoFind,male_auc_Infilt,male_auc_Atelec,male_auc_Effus,male_auc_Nodule,male_auc_PneuTx,male_auc_Mass,male_auc_Consol,male_auc_PlThck,male_auc_CardMeg,male_auc_Emphy,female_auc_NoFind,female_auc_Infilt,female_auc_Atelec,female_auc_Effus,female_auc_Nodule,female_auc_PneuTx,female_auc_Mass,female_auc_Consol,female_auc_PlThck,female_auc_CardMeg,female_auc_Emphy
resnet18,pretrained,raw,raw,adaptive,val,53,0.7605319252962304,0.7605319252962304,0.3231202543546101,0.31054977711738485,0.745322020189536,0.773065453213636,758,588,0.30175129802331957,0.33930356547213947,0.6807532956685499,0.7070575627679118,0.7654560041202805,0.8406075316269492,0.7051253632825969,0.8601920829681565,0.8103098950293299,0.6175025329280649,0.6876791652333448,0.9244070430511109,0.7667607015822396,0.6651232781571941,0.7231338481338482,0.7602554179566564,0.8133410926020224,0.7011870155038761,0.8104334226988382,0.8109154929577465,0.6301051051051052,0.6485674767832444,0.8904476670870114,0.7450324050993519,0.6855637777499058,0.6840261060289948,0.75625,0.8718370029576077,0.7153163580246914,0.8598566308243728,0.8243788490125292,0.5982349537037036,0.7509943575987421,0.9531531531531532,0.8041087962962963
resnet18,pretrained,raw,raw,adaptive,test,53,0.7605319252962304,0.745532574705047,0.2816349652023306,0.3041867358280845,0.7368317836107412,0.7510046325793663,1434,1265,0.26030406303843495,0.2876248122353596,0.6895859042917867,0.7003074859543453,0.7670775735119473,0.840502616084285,0.735439511778819,0.7720058586246639,0.7306079382787403,0.6469580170777989,0.667972417030206,0.8614372086760831,0.7889637904468413,0.7052857312758303,0.7082799843584158,0.7646545393024267,0.8313562946942266,0.7143740340030912,0.7745854136947218,0.7012362637362638,0.6475321974242061,0.6175501679441909,0.8711594122230881,0.769135581061693,0.671549056792095,0.6894913294797689,0.7638275345916542,0.8519742489270385,0.7607724785464967,0.7504553497085762,0.7575848119885997,0.6291290022809833,0.7259139304593851,0.8513644515534875,0.8089887640449439
densenet121,pretrained,raw,raw,adaptive,val,44,0.7794398763301067,0.7794398763301067,0.3310091535427955,0.33803863298662706,0.7752223680743456,0.778241360053045,758,588,0.31832126416530965,0.3208921061609997,0.7009852314401823,0.7123520106144111,0.7972841804999804,0.8671226831421006,0.7086411999408896,0.8385553607946246,0.8227944581661006,0.6808257345491389,0.7139089553950236,0.9430945702132143,0.788274254875506,0.7022369487209168,0.7313545688545688,0.7994112118531623,0.8501733711597682,0.7342711794019933,0.7965817694369972,0.8125586854460094,0.6861111111111111,0.6714483303694921,0.9381567885666247,0.8051420838971584,0.69156617871029,0.6872091157117637,0.7799873737373737,0.8870632051703362,0.6647376543209876,0.8344086021505376,0.8415799532809514,0.66796875,0.7826288039959302,0.9457275457275457,0.7777777777777778
densenet121,pretrained,raw,raw,adaptive,test,44,0.7794398763301067,0.7650270797775165,0.3071037684987967,0.3308632826972953,0.7630163166983973,0.760607712344735,1434,1265,0.2967297822362817,0.30615973165217597,0.7015915457091928,0.7162113428152047,0.7922438363973209,0.849576935688522,0.7357551165000081,0.795636445127417,0.7771654636935084,0.674555265654649,0.6804144348114197,0.8880707063583148,0.8040767847971239,0.7056611066512057,0.7310876487347074,0.7951152176504289,0.8448210423582286,0.7181386619562818,0.8133470042796006,0.7838056680161944,0.7149828013758899,0.6146649728705538,0.8887899365468107,0.7827654232424677,0.6954661143826729,0.6982485549132947,0.7810047095761383,0.854480686695279,0.7579526574908165,0.7678627185678601,0.7635837087432197,0.5804680239925657,0.7647606283969921,0.8806892540351898,0.8221677789980568
resnet18,scratch,raw,raw,adaptive,val,15,0.7487684330358122,0.7487684330358122,0.3012047463992307,0.27191679049034173,0.7478026363030573,0.7400913629805075,758,588,0.30005930641727385,0.2763941964053946,0.6903558330855388,0.6987216778934476,0.7793173804524385,0.8127022653721683,0.6417602581153637,0.80594507741747,0.8168802099413399,0.6217325227963526,0.7095086572640752,0.9457548101615899,0.7137740708941493,0.702193540919088,0.7168355855855856,0.7808353604599734,0.7931184985815088,0.6793846899224807,0.751005361930295,0.827406103286385,0.6680930930930931,0.6576565896067971,0.9385245901639344,0.7107755857844882,0.6812993854258121,0.6722436206066442,0.7625946969696968,0.8366743345382845,0.5664351851851852,0.7845280764635603,0.8219367169250371,0.545138888888889,0.8019609656831006,0.9498771498771499,0.7183159722222222
resnet18,scratch,raw,raw,adaptive,test,15,0.7487684330358122,0.7432279088153659,0.2823701341827922,0.26306039273805115,0.7420623892959934,0.7347419666738301,1434,1265,0.2739418031895411,0.27642091708615985,0.6805635540929659,0.6929436402287796,0.7647546434848702,0.8218300471893134,0.6721253401607008,0.7700369765655013,0.7556172349986783,0.6596418406072106,0.6646004749019824,0.9022401887554579,0.7911530559835644,0.6961689412184461,0.7068163789732417,0.7747593944777043,0.8200121694811102,0.6678957827334953,0.7490192582025678,0.7419172932330828,0.694280457563395,0.6379187839118078,0.9123483246131582,0.7615494978479196,0.6668122234421267,0.6740289017341041,0.7470032735813467,0.8253905579399141,0.6754462176292163,0.7502471898417985,0.7645720327296129,0.5740052378136352,0.7003759958305413,0.8908559934079784,0.8134240094618569
densenet121,scratch,raw,raw,adaptive,val,28,0.7564660127786467,0.7564660127786467,0.31909567800737226,0.3164933135215453,0.7487587748229079,0.7528831191104569,758,588,0.30759136140707977,0.31136010545878623,0.7094697194964814,0.7081368646662585,0.756299274989105,0.8201088555457487,0.6703795379537953,0.79674262342974,0.799272537820315,0.631661600810537,0.755374957000344,0.9385642605981589,0.7351159082546304,0.7007176756569047,0.7229488416988417,0.7489219371959308,0.8077156228025509,0.6889880952380951,0.7140303842716711,0.7796948356807512,0.6967717717717717,0.7352697095435685,0.942833123160992,0.6984545260309094,0.7077637024959238,0.6891215963194779,0.7457386363636364,0.8341548910066819,0.6317515432098766,0.7942652329749105,0.8335633892546188,0.529369212962963,0.7902136712607529,0.9325143325143326,0.7932581018518519
densenet121,scratch,raw,raw,adaptive,test,28,0.7564660127786467,0.743165738096022,0.28275697466796523,0.29121896998888475,0.7400969207417641,0.741621342282938,1434,1265,0.2790462269961602,0.27616221248759587,0.6867235705471,0.6847098496735334,0.7650111633651607,0.8388007356400496,0.692977794953545,0.7772241964400052,0.7455722971186889,0.6567243833017078,0.6347534375172567,0.9011983150497855,0.7911273754494094,0.7038028127137038,0.7071135690743533,0.7675306548545985,0.8296031664748869,0.6932711415323471,0.756085057061341,0.7539618276460383,0.6618190544756419,0.6108324003100508,0.9038183234999444,0.7532281205164992,0.6667581594969557,0.6565375722543352,0.7542988572888905,0.8512703862660944,0.6918773911320437,0.7592761240632806,0.728992369219454,0.6366055588409225,0.6748752885116522,0.8940550627696185,0.8432879952690715
resnet18,pretrained,gs50,gs50,adaptive,val,100,0.6388866515224313,0.6388866515224313,0.19792709975902037,0.1924219910846954,0.6472643255186319,0.6255046504776228,758,588,0.1851627088632675,0.2022400320106053,0.6354802259887006,0.6084328434374362,0.6702537538132403,0.7108267137393351,0.6078579872912664,0.6715600350569676,0.5605221518987342,0.5870314083080042,0.6504844627909643,0.7723782808528572,0.5529253035692382,0.6371831230466488,0.6433638996138997,0.6771478328173375,0.6898474818748332,0.6483077242524917,0.7031948168007149,0.5688673708920188,0.6335585585585585,0.5863268128828295,0.746111811685582,0.5859981482800369,0.669778359104836,0.5626170224148077,0.6644886363636364,0.7413006170810968,0.5190972222222222,0.5829151732377539,0.5681142493098322,0.5338541666666666,0.7754139302562205,0.7785967785967787,0.484375
resnet18,pretrained,gs50,gs50,adaptive,test,100,0.6388866515224313,0.6452216220076844,0.16496831799920633,0.16783994071878475,0.6513034517858622,0.6298965712270692,1434,1265,0.1522129388443371,0.16492168036907348,0.61529059176118,0.6030954218757909,0.6956201605624437,0.7251115578176013,0.6190892549474261,0.6406550134460238,0.5373481722424585,0.6739504269449715,0.5904211994036115,0.7138886573613987,0.682967385721623,0.6370863437695121,0.6171688732473046,0.6930977071822141,0.7420732699154764,0.6056027820710974,0.6262705064194009,0.5211104684788895,0.733365330773538,0.6301244509516838,0.7196649226316376,0.6387733142037302,0.6191735702165885,0.585043352601156,0.7060287442347242,0.7261287553648068,0.6322572286493819,0.6065908617818485,0.5333386963317092,0.5611219058883163,0.5435931799568163,0.6956400562260675,0.7199459322463462
resnet18,pretrained,gs50,raw,blind,test,,,0.5362913157430054,0.10067510961140873,0.20600222304557245,0.5269915623083847,0.5438465890614477,1434,1265,0.10616076008638455,0.09481914025061235,0.573026973026973,0.4976002176443792,0.594250866942188,0.6055183696163551,0.49937684169846874,0.5744413497246766,0.508846445068706,0.48450545540796963,0.5349549947539898,0.5136950291404061,0.5129879301489471,0.5818652811227069,0.5253270766996256,0.5536945396100326,0.6049798480622209,0.4882203576948554,0.5128833808844508,0.5411292654713707,0.5278297736181106,0.4987511842218586,0.4770399643771569,0.48518651362984216,0.5743545596699604,0.4632398843930636,0.6508707239604249,0.616206008583691,0.513344612617556,0.5766288509575354,0.46792543899972416,0.43638590859170395,0.5848224257315167,0.5192065338568175,0.5793275323139309
densenet121,pretrained,gs50,gs50,adaptive,val,100,0.6583032376967229,0.6583032376967229,0.21740230765744586,0.21471025260029716,0.6705144426737053,0.634053451010611,758,588,0.2088549553635284,0.21700761244256722,0.6461373773416592,0.6244845886915698,0.6830553464601243,0.7349367461017946,0.6096312989507906,0.6935984516505989,0.6552658999691263,0.5715552178318135,0.5607585139318885,0.8448632346937432,0.6170489390408439,0.6419579812478295,0.6692648005148005,0.6832983193277311,0.7015348803375282,0.6532565060908084,0.7332439678284182,0.6561619718309859,0.591966966966967,0.5436475004939735,0.8557166876839009,0.6456092870878142,0.663955134292523,0.5655459262825657,0.6869633838383838,0.7821959323766751,0.5206404320987654,0.601015531660693,0.6538543215119984,0.5423900462962964,0.5917121450374618,0.816980616980617,0.5493344907407408
densenet121,pretrained,gs50,gs50,adaptive,test,100,0.6583032376967229,0.6768756165444805,0.20888817174478075,0.2152649129307151,0.6756908835581856,0.6715896056252575,1434,1265,0.187643334382495,0.21568130441826466,0.6319974143503554,0.6495944475375817,0.7203838297468054,0.7560857819026845,0.641635669774407,0.6789601741580227,0.6122259707791772,0.6892018500948767,0.6109393119443371,0.762497675820195,0.6921096558808424,0.6625189545981625,0.6653259594436065,0.7177254078662529,0.7571887293736332,0.6247571207772136,0.6377496433666191,0.600816946211683,0.7093672506199504,0.6077318921712169,0.770831014137816,0.6785868005738881,0.6123573543600493,0.6319508670520231,0.7270758034877637,0.7705836909871244,0.6607983904156569,0.6653569941715237,0.6132435414176703,0.6443777984286558,0.6260702851611943,0.7500242353739518,0.6856467010222185
densenet121,pretrained,gs50,raw,blind,test,,,0.5702393925969035,0.10430094648763974,0.1333827343460541,0.5773251281155442,0.557968783339074,1434,1265,0.10469067957691362,0.10438539898055584,0.5722649899120488,0.5504276965126285,0.6040318749703102,0.6293874656059764,0.5802038548862374,0.5918651555897042,0.531555083625676,0.5407673149905123,0.5091149428460986,0.5803493001814464,0.5826656394453005,0.5799735378943299,0.5521792078654824,0.5906572385445624,0.6604895505123833,0.60977036873482,0.5415700784593438,0.5298004626951995,0.5583393328533717,0.5226509344587029,0.637982856506735,0.5671628407460545,0.580854709385501,0.5493410404624277,0.624073600817787,0.5983776824034335,0.5422058621793406,0.6067599916736054,0.5347292451962857,0.49961983610712174,0.4889807162534436,0.5309364548494984,0.5817774774013685
resnet18,scratch,gs50,gs50,adaptive,val,41,0.7007090532425088,0.7007090532425088,0.23386722276414273,0.23922734026745915,0.717386081454979,0.6727925886642917,758,588,0.23591953125895956,0.22833183497988346,0.6759401328179204,0.6646713615023474,0.7192662731270553,0.760017652250662,0.6108381360524112,0.7625438212094653,0.7317362611917259,0.5588652482269505,0.6791795665634675,0.90615410954394,0.6385870231816508,0.6606088667669869,0.6919321106821107,0.7182800751879701,0.7339540748284473,0.6448124307862682,0.8316577301161752,0.7531396713615023,0.6398648648648648,0.684252124086149,0.894756200084069,0.637988747240225,0.6948809374496067,0.6278553469213074,0.7113320707070707,0.7899733450177092,0.5428240740740741,0.6913978494623656,0.7071034189849226,0.4295428240740741,0.6717232448432152,0.9082173082173082,0.6258680555555556
resnet18,scratch,gs50,gs50,adaptive,test,41,0.7007090532425088,0.7010013765341774,0.2097807520613989,0.22860318636532048,0.7014155510283073,0.6926547943129608,1434,1265,0.1807048387729205,0.22138248708711217,0.6617774382480265,0.6708198360074911,0.7347424112868748,0.7804110887757867,0.623886124663865,0.7252168971699321,0.6716107295348952,0.6390595351043642,0.6242200011044232,0.8456295802370983,0.7336414997431946,0.693069306930693,0.6829607284509245,0.7330884021024866,0.7706956485068288,0.6259328770147936,0.7043509272467903,0.6548149219201851,0.66247500199984,0.6091206614417363,0.85863575642881,0.7204268292682927,0.6378339488305551,0.656684971098266,0.7321626324948582,0.7986180257510729,0.6195908973127867,0.708992506244796,0.6873218718396618,0.579412013179015,0.6463963963963963,0.8294556735010421,0.7227338007941201
resnet18,scratch,gs50,raw,blind,test,,,0.6041504041980429,0.13903658348325432,0.1463505001852538,0.5965187227975222,0.6092633011004,1434,1265,0.13476879122787003,0.13768018805750046,0.5684962096726802,0.6038954547755226,0.5801957151679256,0.659324522760646,0.5810846496948617,0.631759028044564,0.5610783299058679,0.5653818785578747,0.5374468496327792,0.6696458911706814,0.6873459167950693,0.5712990217940713,0.6224501424501424,0.5939755376375095,0.659615998650513,0.5651247516007949,0.6680634807417974,0.5474551764025448,0.49228061755059593,0.5384118508311085,0.6661749972169654,0.6368543758967002,0.5668978940013973,0.5828699421965318,0.5446253635622407,0.6730128755364807,0.5810508025058302,0.6434741881765195,0.5724119702123748,0.6266368167610037,0.5497356860993226,0.6569482817119869,0.7042324913407112
densenet121,scratch,gs50,gs50,adaptive,val,25,0.7000421934697699,0.7000421934697699,0.24017748413831114,0.21768202080237742,0.7126251126802721,0.6757298939215567,758,588,0.25188164945771147,0.2197011207286246,0.6673842799088116,0.6507731169626454,0.7121795887643121,0.7672918505442777,0.6172910201467907,0.7755988898626935,0.6865448440876813,0.6257598784194528,0.6769865841073271,0.8915359593325695,0.6291181160309088,0.6654994791063782,0.6881354568854569,0.7066010614772225,0.7526005673965229,0.6582398947951275,0.8142314566577301,0.7119131455399061,0.6673423423423424,0.6712902588421261,0.8908154686843212,0.6122071077558578,0.6664277651359052,0.6007061466859253,0.7150252525252525,0.7837660203746303,0.5311342592592593,0.6934289127837515,0.6672329581652156,0.5570023148148149,0.6978077883637036,0.8872508872508873,0.6332465277777778
densenet121,scratch,gs50,gs50,adaptive,test,25,0.7000421934697699,0.6998618495692636,0.2187656733916108,0.2237865876250463,0.7029295801666586,0.6858071934893223,1434,1265,0.2150935603956539,0.20949343573912182,0.6702596423184658,0.637992230601812,0.7410016151251722,0.7819026845159175,0.634536173775824,0.7191781918299399,0.6351026223470747,0.670176114800759,0.6524759787950742,0.8325885272073297,0.72326656394453,0.6911180982963161,0.6524551701022289,0.7420647279802209,0.7750995547897752,0.609958048134246,0.7123974679029956,0.6271544245228458,0.6903127749780017,0.6524954784256308,0.8596933095847712,0.7194763271162122,0.6520714808530459,0.621335260115607,0.736531464106215,0.7950901287553649,0.6621092261496486,0.6810210241465444,0.6250229842787534,0.612866435752302,0.6578996351723625,0.8024574669187146,0.6974740221339867
densenet121,scratch,gs50,raw,blind,test,,,0.657803732816813,0.17602119191703272,0.1711745090774361,0.6618337327508591,0.6437757242947574,1434,1265,0.17345842031373668,0.16672157145216254,0.6564298446651388,0.5812895429468037,0.6957959241841243,0.7424315327260026,0.6130975959293432,0.5929536432321679,0.6302470463312679,0.637944734345351,0.6129686896018554,0.7702043354769217,0.7024781715459681,0.6686327416525435,0.594599184403106,0.709227793734836,0.7246986246076549,0.5980072863766837,0.5934156562054208,0.6500795257374204,0.6225261979041676,0.6207260356558436,0.8163892908827786,0.6818687230989957,0.6469458029743488,0.5669595375722543,0.681464714687306,0.7741030042918454,0.6253372353559834,0.5533279558701083,0.5824158775397628,0.6118949058038354,0.609504132231405,0.719560370316514,0.7100194305989693
resnet18,pretrained,gs40,gs40,adaptive,val,94,0.652655312877859,0.652655312877859,0.21724351648714701,0.20950965824665677,0.6588801300144144,0.6401872959615182,758,588,0.21738256012234566,0.20797922506687155,0.6354485082763406,0.6224892835272504,0.6950497206925241,0.7233230361871138,0.5791709767991724,0.7000438212094654,0.6111840074096944,0.5899949341438704,0.6127737644765507,0.7568909433316213,0.6528394456028456,0.6420447968514875,0.6603925353925353,0.6904854046881911,0.7087606993040907,0.6129568106312291,0.70218945487042,0.636825117370892,0.6213963963963964,0.571547125074096,0.7388083228247162,0.6622747667545046,0.6635609467667664,0.5760980046006526,0.7087436868686868,0.7526928834848651,0.5020833333333333,0.6228195937873356,0.5939159057124656,0.5509259259259259,0.7002127462769401,0.7584493584493585,0.6125578703703703
resnet18,pretrained,gs40,gs40,adaptive,test,94,0.652655312877859,0.6402751732400526,0.1696563189898369,0.18266024453501298,0.6412375868810442,0.634387792891966,1434,1265,0.16048276479040113,0.1661843156850472,0.6142308671720437,0.6127859745912841,0.6954099567716499,0.7342642886674365,0.6241872373315299,0.6133667883211679,0.551201405036806,0.6563685958254271,0.5429551604174719,0.725105629964929,0.6731510015408321,0.6407992150566408,0.6259717334227138,0.6952394135492727,0.7517968058124334,0.614456833738132,0.5781027104136948,0.5238577212261423,0.6901367890568756,0.555981396951167,0.7503339641545141,0.6269368723098996,0.6128564061616263,0.6000982658959537,0.6984593479610091,0.7401974248927039,0.6310683311232034,0.5727909034138219,0.5648041739450216,0.6027709723747571,0.5466458193730921,0.6956400562260676,0.7129340204443693
resnet18,pretrained,gs40,raw,blind,test,,,0.533487605319253,0.09721362591018122,0.16376435716932197,0.5313522227704571,0.5308761357784045,1434,1265,0.10023110505735343,0.09602593839502736,0.576610644257703,0.4854054891937036,0.5342608427153104,0.5692674251172605,0.506439302449157,0.5458685491100013,0.5730610178452219,0.5261385199240987,0.4745844607653653,0.5810481570055588,0.4956792501284027,0.5951372164243451,0.5249918998938607,0.5144132608921342,0.5830506840814752,0.49009163170677855,0.4926890156918688,0.6024002313475998,0.5952163826893848,0.46149125828955295,0.5268562840921741,0.4585365853658537,0.5646438433642745,0.4361806358381503,0.5884779672155087,0.5591759656652361,0.5269559650647034,0.556073064113239,0.5156522938310196,0.42958519895243724,0.49880872608145344,0.611410014056517,0.5526738193799106
densenet121,pretrained,gs40,gs40,adaptive,val,96,0.6899293877509035,0.6899293877509035,0.23630057526066806,0.22734026745913818,0.6983975959215599,0.6711265554733834,758,588,0.23369072592859794,0.23036932097320484,0.6682446228565765,0.6622525005103083,0.7039984548948139,0.7602971462194762,0.5885547509974878,0.748721881390593,0.6830811979005866,0.6579280648429585,0.6206427015250544,0.8803418803418803,0.6151600637802036,0.6651666859590231,0.6904359716859718,0.687873175586024,0.7487936761960184,0.6239098837209303,0.7534629133154602,0.6904929577464789,0.7003003003003003,0.6351709148389646,0.876839007986549,0.6099280678014386,0.6840228628764937,0.6222650189910662,0.7227588383838384,0.7740168693175594,0.5190972222222222,0.6872759856630825,0.680293055850499,0.591869212962963,0.6067893811858293,0.8701610701610701,0.6238425925925926
densenet121,pretrained,gs40,gs40,adaptive,test,96,0.6899293877509035,0.6893037912239858,0.2080654757834404,0.21711745090774362,0.6867244209417122,0.6839473159591226,1434,1265,0.19409925828724547,0.20864117197812765,0.6398155765802824,0.6497165561573114,0.7348475131822716,0.7764620133156552,0.6440453762298118,0.6821015815085159,0.6250711255079594,0.6565879981024668,0.6474612071345739,0.8085452878456617,0.7176874678993322,0.6487043974667737,0.657185632087593,0.7311101113918016,0.7594298417365006,0.6422637447560167,0.646799215406562,0.6040413533834585,0.7062155027597792,0.628089742485574,0.8394189023711455,0.6907101865136298,0.6388403699637356,0.6418554913294797,0.7377423241210617,0.8093218884120171,0.6414864267532427,0.6660205037468777,0.6377103061505929,0.552124693756864,0.6819484774030229,0.7743323154476274,0.7420376784658274
densenet121,pretrained,gs40,raw,blind,test,,,0.5486883203878329,0.09058747855917668,0.3130789181178214,0.5504046231919353,0.5341848849142066,1434,1265,0.0907088506207449,0.0904476234425473,0.5370815459050753,0.4807840259148656,0.4971462163317657,0.5615350070570121,0.5507769350917024,0.5850340952746831,0.509892606083415,0.6541864326375711,0.5569916892153073,0.4806740442010913,0.6214689265536724,0.5667462016471918,0.46115412546785095,0.47731598435823785,0.5847676653272205,0.5457496136012365,0.5751827746077033,0.511524002313476,0.6593872490200784,0.5987425716992507,0.47493877323833905,0.598941893830703,0.5029901520444489,0.5030780346820809,0.5092670341839777,0.5372875536480687,0.5564116633895774,0.5813384679433806,0.4960696883331801,0.6188645771732704,0.48456928002382543,0.4653918859968009,0.6207653966376615
resnet18,scratch,gs40,gs40,adaptive,val,30,0.7139825461067629,0.7139825461067629,0.22321469498928279,0.29271916790490343,0.7231329017621289,0.696882134756423,758,588,0.23088128418086126,0.21358140286198626,0.6777520071364853,0.6673938558889568,0.7304732379858166,0.7582230067666961,0.6368590217230679,0.7271216768916156,0.7538109756097561,0.6425278622087133,0.6801685586515308,0.9152805762975255,0.6641972280142279,0.6596973029285798,0.6904681467181466,0.7260476559044671,0.7360878737179022,0.6588455149501661,0.7988159070598748,0.7466842723004695,0.7093093093093092,0.6944477376012645,0.9078919714165616,0.6261662274766755,0.6861192238089266,0.636909538329856,0.722885101010101,0.7861394092087487,0.5991512345679012,0.6425925925925926,0.7610426842217032,0.5370370370370371,0.6629358986217742,0.9166257166257166,0.7142650462962963
resnet18,scratch,gs40,gs40,adaptive,test,30,0.7139825461067629,0.714131911900854,0.21872565123749485,0.29640607632456467,0.7159965303966058,0.704684387486772,1434,1265,0.21570221647952803,0.21024253893227704,0.6749064660829367,0.6654875487169105,0.7451938150206641,0.7849339919877962,0.639862808559973,0.7193822832629019,0.7146310210262683,0.6685009487666034,0.6150947042906842,0.8623380287108336,0.7651194144838214,0.6957006511461956,0.6755846042120551,0.7500932430509897,0.7732440101452506,0.6491278427909031,0.6980875534950072,0.7047787738577211,0.6825853931685465,0.6159137886486952,0.8967355003896249,0.7341104734576758,0.6531506803739561,0.6539132947976879,0.7317367018363696,0.8032103004291845,0.6283399637233832,0.7048293089092422,0.7263491771628205,0.5946608093266876,0.621323803141985,0.8247297755804373,0.8092844470727381
resnet18,scratch,gs40,raw,blind,test,,,0.5581170476229609,0.09013741610071885,0.21341237495368656,0.5608096560399719,0.5494449579510069,1434,1265,0.09060664263709949,0.09049829627079203,0.5329709506180095,0.48800741509338463,0.5782866609662249,0.6036347176482328,0.5526979372977152,0.5972635740811885,0.49542556575581215,0.5164314516129032,0.6262493787619416,0.5679269598445844,0.5803929121725733,0.5636911664139387,0.48647338137534213,0.5761420831843367,0.6039496593147738,0.5452969750496798,0.613944365192582,0.5232359745517641,0.5435085193184545,0.604426836620446,0.5697150172548147,0.5385222381635582,0.5079058122899823,0.48947687861271677,0.577263821449868,0.6146180257510729,0.5597344795524868,0.5957145087427145,0.4545830651834145,0.47512038523274475,0.6218077581713947,0.5530512335805341,0.5946185688941454
densenet121,scratch,gs40,gs40,adaptive,val,48,0.7272102122741081,0.7272102122741081,0.27033071475386306,0.2890044576523031,0.7310918254991123,0.7155305586246287,758,588,0.26947540860682156,0.25559911525961837,0.687576568539994,0.6740253112880179,0.7336723980824849,0.7621138570167695,0.6618639475887886,0.7589833479404031,0.7424648811361532,0.6534954407294833,0.7370857699805069,0.9155176273820342,0.6725131853305533,0.6715910406297025,0.6991875804375804,0.7052465723131358,0.7384156543245799,0.6819109911406422,0.806076854334227,0.73125,0.6855855855855856,0.7333333333333334,0.9240752416981926,0.6653372266932555,0.7003995628101987,0.6394505964799657,0.7605113636363637,0.7892795852046591,0.6145833333333334,0.7066905615292712,0.7559460607347631,0.5962094907407407,0.7406345388955693,0.9033579033579033,0.6637731481481483
densenet121,scratch,gs40,gs40,adaptive,test,48,0.7272102122741081,0.7236791819894844,0.2440375670758189,0.27862171174509076,0.729042118499288,0.7091590392172409,1434,1265,0.2348977466158324,0.23840136000161152,0.6854194824783061,0.6789701118590878,0.7431654078191059,0.7975189969063199,0.6361528428578329,0.7561987770521194,0.7087326442559713,0.6706178842504744,0.6647833949969629,0.8653161846264321,0.7535952747817154,0.7051259179972053,0.6936886207474443,0.7492281013407773,0.78645572899409,0.656049900640318,0.7441601283880172,0.7190211104684789,0.6974482041436685,0.6398458358453191,0.89221306913058,0.7362266857962697,0.6659929467345378,0.6618381502890174,0.7275930050016429,0.8142832618025752,0.6100492325514044,0.7362094088259784,0.6887124207042383,0.5935203176480527,0.7000223363859728,0.8370049924870341,0.7655233589591957
densenet121,scratch,gs40,raw,blind,test,,,0.647320840375695,0.16662586762828024,0.13634679510929973,0.6522327613002054,0.6314594514234355,1434,1265,0.15406629453021206,0.17372352607380537,0.633958688370453,0.6219922052943261,0.6571730559118332,0.7352569037537601,0.6250809139655089,0.7037472787808938,0.605471847739889,0.5863259013282732,0.5572505384063172,0.6804172624047086,0.713854648176682,0.6432670294056433,0.6383263504832132,0.675091224386999,0.7100831982842235,0.6245804813424598,0.7344418687589159,0.6009615384615384,0.6458523318134549,0.5541942985100337,0.6614994990537683,0.6862625538020086,0.621259190870679,0.6031387283236994,0.6284606866002214,0.7717682403433476,0.6240873687258983,0.6616621565362197,0.6070722625724005,0.45378896679902,0.5642357233266324,0.6829891910232175,0.7275914505364535
resnet18,pretrained,gs30,gs30,adaptive,val,99,0.6484747724534753,0.6484747724534753,0.2117638724951128,0.20950965824665677,0.657306081555942,0.6314239884581199,758,588,0.20643407081041784,0.20889488849748866,0.6233402715829122,0.6172101449275363,0.6885771165960145,0.7027066784348337,0.6031045268705975,0.68802950628104,0.6109524544612535,0.6131458966565349,0.5987415434009862,0.7923695889797584,0.5950447687967619,0.6262877647875911,0.6538851351351351,0.6784746793454224,0.6946000339468006,0.6331499169435216,0.7027479892761394,0.5973004694835681,0.6442942942942942,0.5753013238490416,0.8038566624632199,0.6204686275906275,0.6525953665048108,0.5687556839458622,0.7002525252525252,0.716106181765071,0.5330632716049383,0.6018518518518519,0.6443512423019749,0.5734953703703705,0.6472111738044585,0.7667485667485667,0.5412326388888888
resnet18,pretrained,gs30,gs30,adaptive,test,99,0.6484747724534753,0.6452999054821178,0.193529240966855,0.21193034457206372,0.6464233098449581,0.6351974259261092,1434,1265,0.18839629289579934,0.17810602673504677,0.6212415035944449,0.6188721086197297,0.712335518502684,0.7378569493748486,0.5983462956700963,0.6276932065565373,0.5677742084347012,0.632258064516129,0.581043956043956,0.709929537279844,0.6909476117103236,0.6509269170160259,0.6438835819227976,0.7073321721209045,0.7434046834428787,0.5794104658865091,0.5775008915834522,0.574436090225564,0.6639948804095672,0.5812160881922315,0.7092285428030725,0.6793220946915351,0.6108643577203314,0.5915838150289017,0.717182042763438,0.7574935622317596,0.6196137607267518,0.600176935886761,0.5433713340075388,0.5710906479682352,0.6085734494825404,0.6944161698415006,0.6728056095294416
resnet18,pretrained,gs30,raw,blind,test,,,0.5693608469152124,0.09758205713141223,0.2875138940348277,0.5643672906523061,0.562064725194574,1434,1265,0.09500314082482736,0.09966363526342154,0.513853793265558,0.5515197145315585,0.5729050876442925,0.6153001725047403,0.5528170941822457,0.6293299398130361,0.5647029305949454,0.5323648007590133,0.5350826936882214,0.5612461450672891,0.6338469440164356,0.5129560253322629,0.589466510250824,0.5666678201889469,0.612136948833959,0.5671340251711194,0.5440665121255349,0.6052414690572585,0.5603071754259659,0.5094845405219189,0.5064148948012913,0.634164275466284,0.5088498519479655,0.5042745664739884,0.5886970172684458,0.6372360515021458,0.534721904674806,0.6525291423813488,0.5045393950537832,0.4690377629466926,0.5802434666071029,0.5859992244680335,0.6165835938160007
densenet121,pretrained,gs30,gs30,adaptive,val,61,0.6868277745556548,0.6868277745556548,0.25366634250798703,0.23699851411589895,0.6929497925596353,0.6717244547700196,758,588,0.2521554927956325,0.23825517999936927,0.6441391614629794,0.6470095937946521,0.717329939384335,0.751978523095028,0.5944165312053593,0.7328914694712241,0.6609823633837604,0.6337639311043566,0.6133614264419218,0.859073130259571,0.7001594505090151,0.6517536751938882,0.6712837837837837,0.7192752100840337,0.7183870420212896,0.6327000276854927,0.7619526362823951,0.6726672535211268,0.6673423423423424,0.6023315550286504,0.8441046658259774,0.6806495263870094,0.6564297360735339,0.6156983897715723,0.7114898989898989,0.8010369883521379,0.5116126543209876,0.6369772998805256,0.6530579740921639,0.5847800925925926,0.6435112385533253,0.865028665028665,0.7093460648148149
densenet121,pretrained,gs30,gs30,adaptive,test,61,0.6868277745556548,0.6826229568684119,0.22359647614567457,0.2289736939607262,0.6810020172182848,0.674996084935043,1434,1265,0.21406350375270114,0.21688075179599442,0.6330130653660065,0.646536037859999,0.7254904755118521,0.774295011619121,0.6272402299405826,0.6609080868228968,0.6284694686756542,0.6596714895635674,0.6274055718151196,0.7884964319832787,0.737326656394453,0.6521050753724021,0.6655069549187196,0.721012946365059,0.7604961774575424,0.6249779200706558,0.613944365192582,0.5903918449971082,0.6906327493800495,0.6346460253208165,0.8023906267393967,0.7349175035868005,0.6233697641148486,0.6250289017341042,0.7328136979299769,0.8048240343347639,0.6269681588854848,0.6414446294754371,0.6562816033832858,0.5860860015206556,0.631356563174745,0.7745989045610974,0.7221846751710738
densenet121,pretrained,gs30,raw,blind,test,,,0.5061591570726858,0.10254022706852896,0.19970359392367543,0.4950320128938477,0.5213424928088369,1434,1265,0.10643004163135297,0.0998407192938059,0.506101741395859,0.4731538188996305,0.4076825328962995,0.5485793307956602,0.5155064972706632,0.5952386669227815,0.4751766376788219,0.5204340607210626,0.5026161024904743,0.5517410511063096,0.4715202876219825,0.48224957630898224,0.47386849896653815,0.4221160981724362,0.4841344908397544,0.4989843232501655,0.5668464693295292,0.4896905725853094,0.4701703863690905,0.536484798897597,0.5813341867972838,0.4394727403156385,0.5182819309977709,0.4718150289017341,0.38168254779550465,0.6226609442060086,0.5344018168792963,0.610858139050791,0.45793876988140114,0.6189912984708963,0.4597386642841188,0.5308152779797393,0.527583002449945
resnet18,scratch,gs30,gs30,adaptive,val,30,0.7159022544750919,0.7159022544750919,0.2333639232109758,0.30237741456166417,0.721333722899281,0.7016524888911697,758,588,0.23720103554775582,0.2285183811667574,0.6852809991079393,0.6769519289650948,0.7274028366546492,0.7619593998234775,0.6121188611398454,0.8003030966988022,0.7385381290521768,0.6073201621073963,0.6747649352138515,0.9329803906075093,0.657304059855268,0.6641827757842343,0.6954231016731016,0.7164003759398495,0.7182173080187192,0.6298449612403101,0.841934763181412,0.7850352112676057,0.6289039039039039,0.6695514720410987,0.930380411937789,0.6547966669040666,0.6945942556126927,0.6530251965976569,0.7356060606060607,0.807426881367072,0.5828317901234569,0.736857825567503,0.6770545763431726,0.5625,0.6701507723614837,0.9321867321867322,0.665943287037037
resnet18,scratch,gs30,gs30,adaptive,test,30,0.7159022544750919,0.7206665390413214,0.22825452957163286,0.30196369025565023,0.7207972464716228,0.708543271351134,1434,1265,0.2205948568467343,0.22247123219173473,0.6671083818142641,0.6759408057903527,0.7470903995059617,0.7914848951427798,0.6343703202743829,0.7580556089127928,0.7325792909402905,0.6615334440227704,0.6515441217074384,0.8630753547179247,0.7445493066255778,0.6795446436535546,0.6818077202390929,0.7516504981293713,0.7791480158323745,0.6300618238021639,0.7293375534950071,0.7390182186234818,0.697960163186945,0.6475432779261046,0.8754452855393522,0.7172525107604018,0.652531024386998,0.6685491329479768,0.736750514159152,0.8072274678111588,0.6375844041032207,0.7478013114071607,0.7182702031810241,0.5576581904198699,0.6465266919812375,0.8472323202947022,0.7738447241699754
resnet18,scratch,gs30,raw,blind,test,,,0.7018146851157896,0.22399432707293795,0.24601704334938868,0.7049384408964934,0.6907873230789285,1434,1265,0.21418830165297803,0.22749834145391185,0.6613822452057745,0.6544186870476286,0.7358724051113963,0.7584113881641789,0.6296201471748547,0.7316237674478167,0.6922270460624471,0.6207957779886148,0.6440892650063503,0.819230103417987,0.7722907036466359,0.663972140457289,0.6657125300262556,0.7463904365312817,0.7421274903758683,0.6282567895782735,0.7123528887303852,0.7018652400231348,0.653371730261579,0.6433877357678064,0.8632416787264833,0.7336441893830703,0.6547164554014039,0.6423034682080926,0.7168412982366471,0.7857682403433476,0.6300547197707561,0.7100072855953373,0.6704399190953387,0.5527583002449945,0.6370709552527735,0.7781372691580631,0.8205626425614598
densenet121,scratch,gs30,gs30,adaptive,val,34,0.7242851374195651,0.7242851374195651,0.2868329014328851,0.28826151560178304,0.731090320795814,0.7080376487894667,758,588,0.2705272659804826,0.28949797482374706,0.6947606303895332,0.6810803225147989,0.7379709599461194,0.761981465136805,0.6526710506871582,0.7646618463336254,0.7467679067613461,0.614564336372847,0.7217062263501892,0.9303069811544388,0.6606647859683552,0.6908785739090173,0.6964527027027027,0.7263379035824856,0.7474600518901093,0.6795404208194905,0.7970285969615728,0.7512910798122066,0.6731231231231232,0.6957518277020351,0.9227091214796133,0.6614201267715974,0.6925158122950673,0.6597656876905793,0.7448232323232323,0.7768649359185015,0.5972222222222222,0.6992831541218638,0.7418772563176895,0.5237268518518519,0.7548792896124317,0.9313677313677314,0.666087962962963
densenet121,scratch,gs30,gs30,adaptive,test,34,0.7242851374195651,0.7323826597713229,0.26865321734364195,0.280844757317525,0.7365946529180708,0.7168742970172673,1434,1265,0.25147034352840536,0.27105769828897974,0.6901701239936534,0.6682555549931669,0.7564985036340317,0.7994685856036953,0.6696327069545756,0.7712055000640285,0.7334888013727782,0.6581593927893739,0.6622846374730798,0.8789503042271221,0.7680951463790447,0.6958827639520708,0.679731858555388,0.7617245927105082,0.7891607275180885,0.6685250607198058,0.7583585948644793,0.7580827067669174,0.6965682745380369,0.6493519076737576,0.8994767894912613,0.7456779053084649,0.6834722360847723,0.6537572254335261,0.7443077409854818,0.8132961373390557,0.6700885576234243,0.7462271024146544,0.6948032545738714,0.5798344175044352,0.6756384483657211,0.8550361107071882,0.7691560361578103
densenet121,scratch,gs30,raw,blind,test,,,0.6705885543814355,0.17174975969679226,0.13078918117821414,0.6761356197419055,0.6635164325107771,1434,1265,0.17475605416995751,0.16309483798956187,0.6435006170300288,0.6353928354507263,0.6755498551137714,0.7516751493377815,0.6233064425229056,0.6795604430784992,0.6468590527650461,0.5930858633776092,0.6121748854160914,0.8044579371541781,0.7109110169491526,0.6428098890970178,0.655871739008994,0.6944896240670889,0.7390911445939188,0.6267222344888497,0.6993134807417973,0.6520821283979179,0.6315814734821215,0.6208767548014814,0.8195062896582433,0.6551470588235294,0.6434066939481652,0.6082167630057804,0.6638920326627968,0.7852703862660942,0.6198576371423781,0.6141366569525395,0.6286315160430265,0.5807214665878179,0.5913930459385004,0.7788764480635937,0.7842781110078567
resnet18,pretrained,gs20,gs20,adaptive,val,99,0.6758208309946568,0.6758208309946568,0.2335523659795147,0.21768202080237742,0.6841074865861769,0.6542963288502719,758,588,0.2282593975373427,0.2200142857048874,0.6370304291802953,0.6595657276995306,0.7014728021869181,0.7388643718740807,0.5890227082409734,0.7641688577271399,0.6265726304414944,0.6351570415400203,0.5904569430111225,0.8648808818300344,0.626836747209616,0.6244067600416715,0.6895511583011583,0.6940789473684211,0.7218059697873476,0.6341535160575859,0.7258713136729222,0.6735035211267605,0.6683933933933934,0.5785022722782059,0.8629676334594367,0.6519478669610426,0.6617154324416333,0.6195233509870005,0.7056186868686867,0.7643042319348596,0.4998070987654321,0.7312425328554361,0.5774580590358888,0.5815972222222222,0.6218666173341967,0.8645372645372646,0.5695891203703705
resnet18,pretrained,gs20,gs20,adaptive,test,99,0.6758208309946568,0.6788227000389644,0.21424477140220766,0.2230455724342349,0.6758368553266364,0.668953412670979,1434,1265,0.2099996253410005,0.19893511335767344,0.6405711935123699,0.63884699093992,0.7203268253289629,0.7650104073107795,0.6230021093989018,0.6746382379305929,0.628319377052559,0.6655953510436433,0.6169653211110497,0.7740640768357815,0.7197098099640473,0.6603559004549104,0.6594737724149489,0.7232123288461316,0.7593695967805095,0.6049127842790902,0.6075472539229672,0.6082345286292654,0.7211263098952083,0.5908298165532684,0.7988561727707894,0.7002869440459111,0.6291296536580497,0.6144797687861271,0.7151254061553064,0.7845407725321889,0.6394210983584069,0.6628330557868443,0.6381929760044129,0.5453662245501394,0.6584208175117265,0.7395424361397896,0.7314353298977782
resnet18,pretrained,gs20,raw,blind,test,,,0.6043008668973952,0.12475800586832207,0.26454242311967396,0.6014966772054078,0.5989040262507939,1434,1265,0.13162546449538837,0.11444561607092921,0.5922538246067658,0.5792326770258642,0.6134174148496508,0.6975286201046433,0.5802682640130107,0.6188372390831092,0.6034176086596146,0.5905419829222012,0.563293804185764,0.6613429591777853,0.5471751412429379,0.6249851336485001,0.5999687168314619,0.5950675387295106,0.6954316249871979,0.5876793994259218,0.5787936875891584,0.6356709080393291,0.5956483481321494,0.5679205064163293,0.6210759211844596,0.5142216642754663,0.5635500881658183,0.5541589595375722,0.6412386063548855,0.7093476394849785,0.5698096239730517,0.5906015820149876,0.5417969109129355,0.5934780772155106,0.5413223140495869,0.6859943773932432,0.5966461096561628
densenet121,pretrained,gs20,gs20,adaptive,val,91,0.7108506974864927,0.7108506974864927,0.2693192111080268,0.2607726597325409,0.7061027337601696,0.7084691663065205,758,588,0.257283929758838,0.27012676344252556,0.6670671027852115,0.675796080832823,0.737287548036924,0.7500000000000001,0.6433981084675632,0.7744851007887817,0.7556151589996913,0.6387791286727457,0.6742776057791539,0.8935508935508936,0.6091009444376303,0.6683065169579812,0.6937339124839125,0.729641198584697,0.7242307412526369,0.6833125692137321,0.7556970509383377,0.782394366197183,0.6653153153153153,0.6330764671013633,0.8740542244640606,0.5573677088526459,0.6658006486176561,0.6522227571818328,0.7371212121212122,0.7817577682842224,0.5695216049382716,0.7336917562724015,0.7284986196644723,0.5862268518518519,0.7534918138932569,0.9021021021021021,0.6827256944444445
densenet121,pretrained,gs20,gs20,adaptive,test,91,0.7108506974864927,0.7024369699634838,0.2278567892368537,0.24712856613560577,0.6998109912601836,0.6923840421833716,1434,1265,0.19928525715980178,0.24547639132218124,0.6597647450588627,0.665037708154072,0.7410645575032064,0.7969469512282052,0.6477352140798351,0.7086054552439492,0.6615523506140315,0.6354779411764706,0.6327240598597382,0.8524225967980816,0.7254750898818696,0.674073826301549,0.681767499022401,0.7467864791808454,0.8028001855544644,0.6349304482225657,0.6589916191155493,0.6475491613649508,0.6644268458523318,0.6152247868400654,0.8622954469553602,0.7090746054519369,0.6487922946401835,0.6454190751445087,0.7309091794141627,0.7953304721030042,0.6615223985245478,0.7011735012489592,0.663165394869909,0.5556306496578525,0.6599471372198645,0.8390771169599147,0.7152572442341809
densenet121,pretrained,gs20,raw,blind,test,,,0.6221912335176409,0.12201420483091173,0.09670248240088922,0.6234237455540451,0.6170874693183307,1434,1265,0.12264967885060672,0.11929316975984734,0.6086756380874028,0.5805423394240017,0.6763063512422212,0.6966856992144619,0.574107531037148,0.6672229158663081,0.5988902180584864,0.6227703984819735,0.47313145397316253,0.6684469349678462,0.6773240883410375,0.6486226325335236,0.5867202949555892,0.695373991148639,0.7018296393134486,0.5896831530139104,0.6393990727532097,0.5848467322151533,0.5842892568594513,0.5117776246662648,0.6571023043526661,0.6580164992826399,0.5765628638919387,0.5763092485549133,0.6431857179365486,0.7026952789699572,0.5558705625924063,0.6519436927560366,0.6134044313689436,0.6890681760581228,0.434256570620207,0.6705927972468616,0.6740728225057024
resnet18,scratch,gs20,gs20,adaptive,val,32,0.7193347086301783,0.7193347086301783,0.26846224121451506,0.2852897473997028,0.7298159614510698,0.6981381998402506,758,588,0.25411617446122353,0.2669711606302434,0.68019823570225,0.6799882629107982,0.7421407630442534,0.7705501618122976,0.665952416137136,0.7625073035349109,0.7470669959864156,0.5966058763931105,0.6581527347781218,0.9365888348939196,0.6729302097387465,0.6859879615696262,0.7078909266409267,0.7193166740380362,0.7463204093014234,0.6805440199335548,0.7723413762287756,0.7797828638497653,0.6837837837837838,0.6586840545346769,0.937316099201345,0.6560074068798518,0.6740427514289298,0.6406275076231744,0.7571022727272727,0.801840289188301,0.6360725308641975,0.703584229390681,0.7067317901889998,0.46484374999999994,0.6675608176856905,0.9313677313677314,0.6957465277777778
resnet18,scratch,gs20,gs20,adaptive,test,32,0.7193347086301783,0.7232139506084154,0.2287266867124095,0.2667654686921082,0.7233969214185808,0.7131903206021767,1434,1265,0.22205150976626317,0.22866661693170193,0.6703771718477601,0.6725458065495773,0.753647095149874,0.8067875625507891,0.6708677519604528,0.7756995133819952,0.716315631482502,0.655176707779886,0.6473473134905297,0.8680026159044425,0.7185862865947612,0.6862568013558112,0.6818725210882074,0.7584985753999839,0.7987457000162661,0.6724276882313976,0.751203637660485,0.7271905725853094,0.7028397728181746,0.638370941348721,0.8679728375820995,0.671987087517934,0.6562073726586153,0.6620317919075144,0.7403283316904579,0.8228412017167382,0.6635877269193836,0.7618390924229808,0.6924818424197848,0.5469713609867365,0.6648797557888466,0.8653603800106635,0.7685646701022217
resnet18,scratch,gs20,raw,blind,test,,,0.6934152733873314,0.15760836267179085,0.12486105965172287,0.6904937285205496,0.6884119091450616,1434,1265,0.1476820889011252,0.1637838172849488,0.6199937317584376,0.641675735182467,0.739546814878153,0.7777967865645894,0.6426662158027792,0.7360297413241131,0.6711156511960288,0.64115275142315,0.6361270638908829,0.8222146708640818,0.6992488443759631,0.6182543930068684,0.6455617004636612,0.7553456145005442,0.7756718818716903,0.6430006623978803,0.7018767831669044,0.6683415268941585,0.6643308535317175,0.6223301179915597,0.8269369920961818,0.6737804878048781,0.6154847456499318,0.6378092485549133,0.7138658683509183,0.7852875536480687,0.6377292057249988,0.7195175895087427,0.6656017284177622,0.6105009715299485,0.6531531531531531,0.817859047065096,0.7157218889921432
densenet121,scratch,gs20,gs20,adaptive,val,43,0.7318286289589263,0.7318286289589263,0.2880037536785501,0.2986627043090639,0.7347679380000756,0.7168217499668972,758,588,0.28698429281029153,0.2720571640496257,0.7005649717514124,0.6794728516023678,0.7472118775008914,0.7756619593998235,0.6597273533323482,0.7470420683610867,0.7754322321704229,0.6142603850050659,0.7331011351909184,0.92731750358869,0.6903225806451614,0.6888094686885057,0.7100144787644788,0.7386250552852721,0.761717708106011,0.6785887320044297,0.7186103663985702,0.7764377934272301,0.6792792792792792,0.7133372851215174,0.9241277847835225,0.6928993661420126,0.7086058303918583,0.6397581982560316,0.7511679292929293,0.790667104830759,0.6155864197530865,0.7148148148148149,0.7729878955192185,0.5082465277777778,0.767921561372676,0.9250341250341251,0.6902488425925926
densenet121,scratch,gs20,gs20,adaptive,test,43,0.7318286289589263,0.7357556728822193,0.2684624148457464,0.29640607632456467,0.7332031543731801,0.7297059546449151,1434,1265,0.2511334262380264,0.2724865585210238,0.6913312178018061,0.6790564736549072,0.7594045413519548,0.8130034358382162,0.6931291564014621,0.7725420988602894,0.7262306393007075,0.6463057400379507,0.642382586006958,0.903092922311485,0.766833590138675,0.7023273273273273,0.6952226132618289,0.7588446320840687,0.8087343137195837,0.7025888717156105,0.7440486804564908,0.7244360902255638,0.654347652187825,0.6048951425372492,0.9221028609595903,0.7476865136298422,0.6795047742622351,0.6609826589595376,0.7544996531707495,0.8192618025751074,0.6825796027862879,0.7586776644462948,0.722545279029144,0.5953366562473599,0.688407415680143,0.8843245601279628,0.7806454338092422
densenet121,scratch,gs20,raw,blind,test,,,0.6564147389998862,0.16149931988434674,0.1274546128195628,0.6607303382321361,0.6520561352680375,1434,1265,0.15221466973576642,0.17316890762692852,0.6244701377054319,0.6370444652528218,0.6967649992874447,0.7536104814450479,0.6264415567685941,0.6988050646689716,0.5984578645770328,0.5699181688804554,0.5191755480700204,0.8095230462463694,0.6863507960965588,0.6288355186870037,0.654676275068432,0.7004802497760244,0.7522667164691637,0.6395396334731729,0.7004948288159771,0.5892567958357432,0.6028477721782257,0.520766945138231,0.8430368473783814,0.6358321377331421,0.6157342715507202,0.6175809248554913,0.7266620422766602,0.7720858369098713,0.6084411724358681,0.6816455037468776,0.5976716925622874,0.5218805440567711,0.5095115776933958,0.7731568998109641,0.7482470220495059
resnet18,pretrained,gs10,gs10,adaptive,val,96,0.702447597276482,0.702447597276482,0.24464157755400476,0.23402674591381872,0.7029441258389647,0.6878741970558123,758,588,0.24119948584020526,0.23197945313860424,0.6789334919218952,0.6359218718105736,0.7269175151539162,0.7536187113857017,0.6245074134279099,0.7672180835524394,0.7049050632911392,0.6339412360688957,0.6456541680999884,0.8665534089262903,0.6887526064025512,0.687507234633638,0.6679134491634492,0.7267801857585139,0.7347057539826871,0.6461274916943521,0.6827524575513851,0.7164025821596245,0.6626876876876877,0.6302311796087731,0.8957019756200084,0.6815753863684922,0.6754761606134991,0.5932702080992885,0.7124368686868687,0.7779603461496329,0.5785108024691358,0.7495818399044206,0.7024846039498833,0.5727719907407408,0.674498196281565,0.8266448266448266,0.7029803240740741
resnet18,pretrained,gs10,gs10,adaptive,test,96,0.702447597276482,0.7007130615558622,0.22356364233400391,0.23379029270100038,0.6924004583534717,0.6993285777303242,1434,1265,0.21083281112440205,0.22256304765922164,0.6441646588705413,0.6614595459837018,0.7436392570424208,0.7844510499978615,0.6567283384055521,0.7356175566653861,0.6494397326128936,0.6593334914611005,0.6382530785797117,0.8265777173669127,0.7081792501284027,0.6546658044182797,0.6787285626501314,0.7455483652666751,0.7797203429142894,0.660239567233385,0.6747726462196861,0.6369505494505494,0.6876249900007999,0.6102510550340196,0.8242374485138595,0.6636657101865137,0.6385866852979339,0.6426994219653179,0.736190719579424,0.8008240343347639,0.6492752297773103,0.7393448168193173,0.6474901167601361,0.5882825040128411,0.6805896805896806,0.8200281130337841,0.7493030328630566
resnet18,pretrained,gs10,raw,blind,test,,,0.5992303096670368,0.10423691650799145,0.1848832901074472,0.5944657757322133,0.5946435816921861,1434,1265,0.1061986621564206,0.10143304798327507,0.6135423400129283,0.5935035683555195,0.6559397415799724,0.7539383830175499,0.564550826852165,0.5980439236778077,0.5041622423240456,0.6424750948766604,0.5615232757192556,0.6133943283601229,0.4904596815613765,0.6433599441025184,0.6195430422881403,0.6425272904146143,0.7678400375928525,0.5523073526164716,0.5296228601997147,0.5096081550028918,0.6618030557555394,0.5477456722073896,0.6041133251697651,0.46065279770444767,0.580388927704029,0.564228323699422,0.6670287077263821,0.747296137339056,0.5798542838416633,0.616101165695254,0.49304725567711694,0.5726113035397482,0.5716439580075945,0.6119189569095052,0.5369603784742756
densenet121,pretrained,gs10,gs10,adaptive,val,83,0.7303002690530573,0.7303002690530573,0.2869558327041611,0.2585438335809807,0.7336418656649454,0.7138595861441825,758,588,0.2901406406244089,0.26810429855420703,0.6672534443453265,0.6786525311288018,0.7481230933798185,0.7807884671962343,0.6547275996256341,0.7671450482033304,0.7574965267057734,0.6428064842958461,0.7127336314642816,0.9098020623444352,0.7137740708941493,0.6855683528186133,0.6936011904761905,0.7373258513931888,0.7839771101573677,0.6882094407530452,0.7262064343163539,0.757306338028169,0.6866366366366367,0.7076862280181783,0.9201870533837747,0.6833558863328822,0.6466467183888481,0.6593109720216124,0.7496527777777778,0.775842553036112,0.5815200617283951,0.7383512544802868,0.7574856657464429,0.5655381944444444,0.7099250763111645,0.894021294021294,0.7741608796296297
densenet121,pretrained,gs10,gs10,adaptive,test,83,0.7303002690530573,0.729171510828673,0.2521372932140083,0.2667654686921082,0.72689270272203,0.720268035965954,1434,1265,0.24624096399059087,0.2424272702358764,0.6673747820806645,0.6803784734524473,0.7502553322882524,0.8088797171492521,0.6707856303238169,0.7580596107055961,0.7066582436143856,0.6748458254269448,0.6818674416036226,0.8698747828094043,0.7519067796610169,0.6702383076145453,0.7049014021563041,0.755868544600939,0.8048545385537597,0.6753919187458601,0.7375178316690442,0.6973684210526316,0.7053355731541476,0.6414283868745155,0.8685711900256039,0.7343436154949785,0.6643627108493863,0.6504942196531792,0.7363124140532779,0.815716738197425,0.6655844650723247,0.736781848459617,0.7042038245839846,0.5991805356086846,0.7304370486188668,0.8647423779748922,0.7551322125538565
densenet121,pretrained,gs10,raw,blind,test,,,0.6312336202745397,0.13378801608312665,0.29640607632456467,0.6337296712414798,0.621997854045305,1434,1265,0.12610493054841784,0.13925254967959325,0.616090771973125,0.6167962620843246,0.6915853166120375,0.7412838772222461,0.5746485677020433,0.6301262965808683,0.5957584555347966,0.5955526565464896,0.5210962090673146,0.7179503619308966,0.6426810477657936,0.6469204352867719,0.6252745656667226,0.6723958273254047,0.7276867744248112,0.5570048575844556,0.6918687589158344,0.5856853672643146,0.5891688664906808,0.5581237619498751,0.6939775130802628,0.6229196556671449,0.5865730112785708,0.6084537572254335,0.7142461635817117,0.7593648068669527,0.5961711402746659,0.5989409866777685,0.5956375838926173,0.5454084649826814,0.4500502568684387,0.7290242838446997,0.6581059390048154
resnet18,scratch,gs10,gs10,adaptive,val,30,0.7279338817613582,0.7279338817613582,0.2693631651456017,0.29420505200594355,0.7356386712331758,0.7043697677643003,758,588,0.255257947716826,0.27492838774111816,0.6869541084349291,0.6660542967952643,0.7441860465116279,0.7874007060900264,0.6359785232254569,0.7536335086181711,0.7435454615622107,0.6636271529888551,0.6886681573214081,0.938169175457311,0.6990555623696798,0.6735009839101749,0.6942889317889319,0.7336493808049536,0.7739385562910696,0.667047342192691,0.7304512957998213,0.7519366197183097,0.7271021021021021,0.6946058091286307,0.9365804960067254,0.7089238658215227,0.6941463152425149,0.6273070133204943,0.7420454545454546,0.8023149669551247,0.5828703703703704,0.720310633213859,0.731312380547887,0.5607638888888888,0.6757931736194617,0.9375921375921376,0.6736111111111112
resnet18,scratch,gs10,gs10,adaptive,test,30,0.7279338817613582,0.7256858707956304,0.25721840474851615,0.2960355687291589,0.7239122893543669,0.7153049300227192,1434,1265,0.2582284189000678,0.2500663960648918,0.6883635971871266,0.680211760388723,0.7643461118236663,0.8085696363143864,0.6602627892372349,0.7564789025483416,0.7109840186024005,0.6362250948766605,0.6274711469435087,0.9061928973065161,0.7434386235233693,0.6949499003954449,0.6977520808893358,0.7634010450911859,0.8043545054190337,0.6631927577831751,0.7193741084165477,0.7144303065355697,0.6492120630349573,0.6165166652312462,0.9137398419236336,0.7261119081779054,0.6814053298732409,0.6590086705202312,0.7572560330035413,0.8209442060085838,0.6575670279086073,0.7473199417152373,0.7113404431368944,0.5437188476810003,0.6468989650807833,0.895872715816005,0.7470220495057869
resnet18,scratch,gs10,raw,blind,test,,,0.5287318848853221,0.08833955093861895,0.06595035198221563,0.5180722033857914,0.5274749886292215,1434,1265,0.09226015522744495,0.08333653452290207,0.47994358582593877,0.5218606063673634,0.4113860386679968,0.5992935859601101,0.5669661691061624,0.5425510628761685,0.5451014126533958,0.436373339658444,0.6329035286321718,0.489866576050369,0.5898048279404211,0.4403078821395653,0.5266096866096865,0.4357468864511118,0.6172698190843972,0.557325016559947,0.43025588445078455,0.5581622325043377,0.4235341172706183,0.613911377142365,0.47375598352443504,0.6219153515064563,0.5173836377549322,0.5163699421965318,0.3846214693390773,0.5792961373390558,0.5733915588275641,0.6082561407160699,0.5171003033924795,0.446608093266875,0.6506216960762415,0.4808661722650381,0.5277097237475712
densenet121,scratch,gs10,gs10,adaptive,val,43,0.7362979206573026,0.7362979206573026,0.3016547572279189,0.3075780089153046,0.7431072673916232,0.7209293595540596,758,588,0.3084146450257999,0.2836171773416058,0.695648726335613,0.709364155950194,0.7367378471534408,0.8056119446896146,0.6604416038618788,0.7483567046450482,0.7656298240197591,0.6381965552178318,0.7111426441921798,0.93100496490327,0.6971421562614988,0.7003848825095497,0.739728120978121,0.7242923485183547,0.7952038020416575,0.6936773255813954,0.7554736371760501,0.781543427230047,0.6446696696696697,0.6989132582493579,0.917980243799916,0.7223132255537354,0.6898460876888068,0.6669608944524688,0.7474431818181819,0.8179793332603059,0.5970293209876544,0.698984468339307,0.7552028031429178,0.6302083333333334,0.7278697622791601,0.942014742014742,0.6566840277777778
densenet121,scratch,gs10,gs10,adaptive,test,43,0.7362979206573026,0.7379353184581207,0.27315954458824826,0.28973693960726193,0.7362224554127367,0.7325869588006796,1434,1265,0.2582612866636586,0.2789534110369485,0.6845997140114788,0.6907013969732246,0.7624614032587526,0.8334580784967851,0.6745825483471007,0.7701770393136125,0.7444902933283153,0.6141277277039848,0.6748992213816335,0.8988581064185832,0.7689329738058551,0.6872156810275621,0.6979520697167756,0.7608594510002962,0.8275427889799928,0.6767608743652019,0.763618937232525,0.7426547137073453,0.6377969762419007,0.6437214710188616,0.9039574752309919,0.7563665710186513,0.6819833982100676,0.6812745664739883,0.7574264052669366,0.843098712446352,0.6685109820598412,0.7498178601165696,0.7411165762618369,0.5499281912646785,0.7159742387015113,0.8929887063157385,0.7763369096899552
densenet121,scratch,gs10,raw,blind,test,,,0.6883865585515128,0.20663689863695991,0.1911819192293442,0.6931418614393196,0.6777093875548892,1434,1265,0.20028512937534845,0.20518826036372664,0.6237106031223678,0.6651509591537177,0.7294273431190919,0.7904156508846215,0.6463874531021045,0.714336022538097,0.6757729718589408,0.60479720113852,0.6009822463968192,0.8096705114477878,0.7116011813045711,0.6241489013766243,0.6794212613820456,0.7259500217246696,0.7993541740717758,0.6368182821814969,0.6946549572039943,0.6694115095430886,0.6331333493320535,0.6137283610369477,0.853445396860737,0.6944942611190816,0.6206125029111355,0.6466242774566473,0.734864249814416,0.7876480686695279,0.6566372490740319,0.6874089300582847,0.6714282430817321,0.5690208667736758,0.5750874841783933,0.7712059522078426,0.734265438878094
resnet18,pretrained,gs0,gs0,adaptive,val,63,0.7366442258142313,0.7366442258142313,0.31164057402187234,0.32317979197622587,0.7262698546276781,0.7430359580541441,758,588,0.3031340454423944,0.3021672710027939,0.6759877093864605,0.6855480710349051,0.7585476011251535,0.7937922918505443,0.6587791241810749,0.8319091440257085,0.7595805032417413,0.5806484295845997,0.711515307877537,0.9256449764924342,0.7211333251563842,0.6582359069336728,0.708445945945946,0.7555976337903583,0.7675856550520114,0.6772390642303432,0.8020554066130474,0.7902582159624414,0.5677177177177177,0.6405453467694132,0.9077343421605718,0.7135531657289367,0.6863521528014191,0.6523431230942064,0.7493055555555554,0.8227626246029138,0.6281635802469135,0.8099163679808841,0.7318432788277766,0.5953414351851851,0.8249005642401258,0.9393939393939394,0.7330729166666667
resnet18,pretrained,gs0,gs0,adaptive,test,63,0.7366442258142313,0.7281757145061225,0.26013519473372304,0.30307521304186735,0.7260902572808531,0.7213016383257936,1434,1265,0.2582102408134157,0.24789039965148837,0.6829915182856359,0.6810130586627524,0.7562336706094723,0.823760033075289,0.6867872727565496,0.7667234921244719,0.7059570693154478,0.656795540796964,0.6276333591032084,0.8559104693881477,0.7661273754494093,0.6988040020218238,0.6941936204681303,0.7619283816466913,0.8201025369150968,0.670600574078163,0.7822307417974322,0.6813042220936958,0.6695944324454044,0.5930367754715357,0.8553517755760881,0.7598457675753227,0.6642670592540839,0.6643381502890173,0.742920423983547,0.8290472103004292,0.7064299541207493,0.7282603039134055,0.7318194355061137,0.6022640871842527,0.669179510088601,0.8499103291163783,0.7458815578271522
resnet18,pretrained,gs0,raw,blind,test,,,0.6938474785588121,0.17233673484264259,0.2686180066691367,0.6975103210060412,0.6853087158485736,1434,1265,0.1681984005618309,0.17104606174363515,0.6389424301189008,0.6405062129878019,0.7402083036435323,0.7853296123633149,0.6661948698130525,0.7049398130362403,0.6896306850002464,0.6540915559772296,0.6084819702910155,0.7868743147676782,0.7171224961479199,0.6654401926679154,0.6515837104072398,0.7457713795741966,0.7665568200302431,0.6801887833958931,0.7611447931526392,0.6677631578947368,0.6385409167266618,0.5896025320816468,0.7709423355226538,0.7350789096126255,0.6076163622450677,0.6276372832369942,0.7264125686052596,0.8081802575107295,0.6518587955553522,0.6704048709408826,0.7112944745793877,0.6580214581397313,0.6249906931725113,0.7971256846493141,0.6548534256990791
densenet121,pretrained,gs0,gs0,adaptive,val,64,0.7627344298215534,0.7627344298215534,0.34716416760234525,0.3387815750371471,0.7724050623427459,0.7420774541536471,758,588,0.37380270441220875,0.31013354339891364,0.7024997522053722,0.7033961012451521,0.7847797234657897,0.8231170932627243,0.680606866656815,0.8438504236050248,0.7968701759802408,0.6515450861195543,0.738562091503268,0.9396704989925329,0.7251809150006133,0.7018318092371802,0.7210263835263835,0.7938826846528085,0.8211488567202541,0.696030592469546,0.8203753351206433,0.8031103286384976,0.7037537537537537,0.729460580912863,0.9457755359394703,0.7600598247988035,0.6951138664420993,0.6786363879527095,0.7545454545454545,0.8249899587395481,0.6542824074074074,0.8262246117084827,0.7917286047993204,0.5698784722222222,0.7548792896124318,0.9311493311493312,0.6814236111111112
densenet121,pretrained,gs0,gs0,adaptive,test,64,0.7627344298215534,0.7580726247746732,0.3181098359805424,0.3282697295294554,0.7585229996026509,0.7473935794754177,1434,1265,0.305377562300232,0.3088088065536742,0.6987649605296664,0.6928240623576454,0.7941998004845375,0.8417892733416021,0.7176255575415037,0.7985497502881291,0.7696832842735342,0.6686788425047439,0.6607384449721133,0.904894562380986,0.791050333846944,0.7104703713614605,0.7018490587118038,0.8031206622755919,0.8385856894131538,0.7195738573636564,0.7950026747503567,0.7551474840948526,0.6925525957923367,0.6400826802170356,0.8992402315484804,0.7881276901004304,0.6844994510430183,0.6821705202312139,0.7764168279118446,0.8463519313304722,0.7136738457786517,0.7755256036636137,0.7816033832858325,0.5979978034975079,0.6892636438090983,0.9091900538025303,0.7646363098758131
densenet121,pretrained,gs0,raw,blind,test,,,0.7127906023962972,0.20714788834819453,0.26046683957021116,0.718600729830083,0.7017575003223648,1434,1265,0.2201634140952243,0.1859710435162797,0.677979863273981,0.6633876600698486,0.7777100850315899,0.8006394080663787,0.6990161505885384,0.7281742220514792,0.7353011017173171,0.633485531309298,0.5923090728367111,0.8356724733761196,0.6970210580380073,0.6866135937918115,0.6795776772247362,0.794376963391048,0.7897511280868009,0.6938231397659529,0.7694588088445078,0.722758820127241,0.6469082473402128,0.5842950650245458,0.8307497495268841,0.7062948350071736,0.6647120471104901,0.6468092485549133,0.7510131064948339,0.8154077253218883,0.7069215175209962,0.7019671107410492,0.7537004688792865,0.5797499366393511,0.6135060680515226,0.8352115748145993,0.6503336994170821
resnet18,scratch,gs0,gs0,adaptive,val,28,0.7354959001365162,0.7354959001365162,0.3029649050693897,0.3098068350668648,0.7424409690886017,0.720110025323974,758,588,0.3102526443855376,0.2773572451830174,0.6975478243631678,0.698356807511737,0.7519809040846241,0.796329802883201,0.6642653071277276,0.740651475314052,0.7990988731089842,0.6345238095238096,0.6937421167297328,0.9426468070535867,0.6713111738010549,0.6958125940502373,0.7261019948519948,0.7531374391862009,0.7771877500545573,0.6854928017718716,0.7590482573726541,0.7956279342723004,0.6652402402402402,0.6816439438846078,0.9311685582177385,0.6963891460722171,0.686638834638333,0.6635237789546888,0.7297979797979798,0.8156059444261876,0.6094521604938272,0.719952210274791,0.8227861541728605,0.5810185185185185,0.708352603829433,0.9527163527163528,0.6313657407407407
resnet18,scratch,gs0,gs0,adaptive,test,28,0.7354959001365162,0.7341551541200624,0.2697814589719499,0.3038162282326788,0.7318074080775196,0.7290447942514109,1434,1265,0.2643540876871561,0.26743852946109026,0.6934913126089597,0.6916453661993216,0.7564379364400742,0.8314372068488659,0.6833067645685393,0.7477830067870406,0.744199070776041,0.6379150853889943,0.6381944060964161,0.8901961287178863,0.7611004108885465,0.7144638450331519,0.7018311826154963,0.7539267820957961,0.8267174330829151,0.6796091852506072,0.7639978601997146,0.7534557547715443,0.6588752899768018,0.599399276548101,0.8799398864521875,0.717664992826399,0.6725222078051702,0.6804277456647398,0.7504411424677204,0.839442060085837,0.689812062737208,0.7295873230641132,0.7275903282155006,0.5344259525217538,0.6886121658848932,0.896418011729921,0.8102137365886627
resnet18,scratch,gs0,raw,blind,test,,,0.6976184133601256,0.19830700765075807,0.25157465728047423,0.6992480134821902,0.6868342499192821,1434,1265,0.20834274979398193,0.18592693564692162,0.656943056943057,0.6627179607227818,0.7268324545152249,0.7863079708595297,0.6780944559844131,0.6905613714944295,0.6827869550217969,0.6208135673624289,0.5866972223756144,0.8410357186363957,0.7410118130457113,0.6915640888413166,0.6600949667616334,0.7427414610513203,0.7915885992445282,0.6769430337822919,0.7261278530670471,0.6881795835743205,0.6541236701063915,0.5455494789423823,0.8311532895469219,0.6836621233859397,0.6173437136108061,0.6657052023121388,0.6967677947744392,0.7808669527896995,0.6777096956117488,0.6551571606994172,0.6673255493242621,0.4820900566021796,0.6526878117787208,0.8459720808492075,0.8135507307594829
densenet121,scratch,gs0,gs0,adaptive,val,34,0.761120109891822,0.761120109891822,0.3387664754741729,0.34175334323922735,0.7681940172684564,0.7426511761195155,758,588,0.33937271372383465,0.33081755698312654,0.713164832986421,0.7120445499081445,0.7756328988550374,0.7916225360400118,0.6523016107580907,0.825317703768624,0.8205754090768757,0.6401975683890577,0.7097093223254214,0.9503246282907301,0.7814301484116276,0.7315661534899873,0.7327984234234235,0.7642774214949137,0.7914696539851118,0.6739341085271318,0.7771447721179625,0.8370305164319249,0.6826576576576576,0.706263584271883,0.9559688944934847,0.7970230040595399,0.6962426761749476,0.6856309848606431,0.7754419191919193,0.7913608646438091,0.6066743827160493,0.8123655913978494,0.7973030367381609,0.5687210648148148,0.7229673480714088,0.9427791427791428,0.7696759259259258
densenet121,scratch,gs0,gs0,adaptive,test,34,0.761120109891822,0.7507113493983666,0.29645028437071247,0.3264171915524268,0.7550376823163002,0.7363144936349181,1434,1265,0.3023028017619146,0.27268656467043423,0.6980803510215274,0.692140760236878,0.781291862619353,0.8396329640876495,0.6898080608022157,0.7733504610065309,0.7856803630873175,0.6577561669829223,0.6519410238003203,0.9156595220845168,0.7724833076527992,0.7246380043409747,0.7055941008882185,0.7940732025239068,0.8313442457030285,0.6946290571870171,0.7463890870185449,0.8076633892423366,0.6828733701303895,0.6293277926104557,0.9216297450740287,0.7672525107604018,0.673778154839139,0.6767774566473989,0.7615518479305854,0.8559656652360516,0.6814669166399927,0.7520946086594504,0.7514824859795899,0.5914927768860353,0.6880537562355744,0.9090446415588193,0.7577511193714623
densenet121,scratch,gs0,raw,blind,test,,,0.7035103893040698,0.22672169213072657,0.23341978510559466,0.7107092891605088,0.6879814027125595,1434,1265,0.2268465051368242,0.21238470648646537,0.6400364341540811,0.6430480336083414,0.7618806707519833,0.7941865189683931,0.6543017245543693,0.6944871302343449,0.6903520208604955,0.6314871916508539,0.6420046661880833,0.8439048785335549,0.742925012840267,0.6861824695983112,0.6560572035081839,0.7726369134819839,0.8003602648368265,0.6519430337822918,0.6879235021398004,0.6934065934065933,0.6577073834093273,0.628423477736629,0.8471139930980742,0.7360473457675754,0.6024303822736801,0.6317658959537573,0.7463522081462282,0.7926351931330471,0.6557531970673862,0.6738264987510407,0.6822423462351753,0.5523358959195742,0.6605800014890923,0.8348480442053221,0.7350257666638507
